exit ip,optional comment
2001:1388:144f:40d7:f1a7:fc9e:114f:f9fc,entry is 173.212.239.181
2001:14ba:a02f:6400:6ab9:c2ff:fed7:c000,entry is 173.212.239.181
2001:1520:a:7d::,entry is 185.93.89.146
2001:1520:a:b3::,entry is 185.93.89.146
2001:1670:12:650f:65da:bad1:8e3f:f58e,entry is 173.212.239.181
2001:1670:12:f32f:160:21eb:e3fa:b771,entry is 62.171.176.129
2001:16a3:e4a:b800:7893:9370:5bcc:3f7d,entry is 173.212.239.181
2001:1810:41c1:45:0:4:d837:922c,entry is 185.93.89.151
2001:1810:41c1:45:0:4:d837:922d,entry is 185.93.89.190
2001:1810:41c1:45:0:4:d837:922e,entry is 185.93.89.162
2001:1810:41c1:45:0:4:d837:9234,entry is 185.93.89.143
2001:1810:41c1:45:0:4:d837:9235,entry is 185.93.89.150
2001:1810:41c1:45:0:4:d837:9248,entry is 185.93.89.174
2001:1810:41c1:45:0:4:d837:924a,entry is 185.93.89.172
2001:19f0:5:52:5400:5ff:fe22:efeb,entry is 149.28.32.205
2001:19f0:6001:a2f:5400:4ff:fedc:d88b,entry is 116.204.96.57
2001:1a10:1625:5101:193b:d26b:4f82:3e92,entry is 173.212.239.181
2001:1a40:1017:8c00::3,entry is 173.212.239.181
2001:1a40:1405:8e00:38b2:f81c:1fb9:24a6,entry is 173.212.239.181
2001:1a40:1432:5f00:287b:aef6:fc05:9651,entry is 173.212.239.181
2001:1c00:9e84:4e00:306a:770:2deb:2c6a,entry is 62.171.176.129
2001:1c05:2021:fb00:c54d:f450:d839:9a0,entry is 173.212.239.181
2001:2035:0:2988::2,entry is 31.59.100.1
2001:2042:2a2b:8a00:7a8a:86ff:fedc:7c95,entry is 173.212.239.181
2001:41d0:1:ee26::1,entry is 91.121.173.38
2001:41d0:203:83e2::,entry is 51.178.68.226
2001:41d0:2:617a::1,entry is 94.23.222.122
2001:41d0:2:d8df::,entry is 46.105.105.223
2001:41d0:303:4664::,entry is 178.32.202.54
2001:41d0:304:200::2744,entry is 185.93.89.175
2001:41d0:304:200::401e,entry is 141.94.70.195
2001:41d0:404:300::849,entry is 178.33.164.238
2001:41d0:404:300::946,entry is 37.187.37.244
2001:41d0:700:1fb7::,entry is 45.146.130.24
2001:41d0:700:45ea::,entry is 185.93.89.146
2001:41d0:701:1100::a7ec,entry is 162.19.227.75
2001:41d0:800:1ee::,entry is 145.239.5.238
2001:41d0:800:737::,entry is 145.239.254.55
2001:41d0:801:2000::28a6,entry is 128.140.46.169
2001:41d0:801:2000::4f9a,entry is 198.244.189.216
2001:41d0:a:1970::,entry is 37.187.25.112
2001:41d0:a:1d2b::1,entry is 37.187.29.43
2001:4278:70:2e1c:e848:8c15:9dcd:50fb,entry is 173.212.239.181
2001:4278:90:ae59:6553:ad38:4324:49c8,entry is 173.212.239.181
2001:42c0:820e:3900:4873:2c2f:e3ee:d0e7,entry is 173.212.239.181
2001:42c0:8222:8300:58a1:42df:529d:b444,entry is 173.212.239.181
2001:42c0:8239:f000:d07b:eb49:abf0:825f,entry is 173.212.239.181
2001:42c0:823e:100:8903:9ca0:45ba:9454,entry is 173.212.239.181
2001:42d8:4c80:7500:48e9:85d8:f2ec:4656,entry is 173.212.239.181
2001:4479:2105:7500:64aa:21ab:f7ff:2fd7,entry is 128.140.46.169
2001:448a:3003:2412:1afd:74ff:fea5:afc6,entry is 103.94.5.210
2001:448a:3003:2aab:1afd:74ff:fea5:afc6,entry is 103.94.5.210
2001:448a:5020:3bfd:22b5:779:a261:484,entry is 173.212.239.181
2001:4490:4888:8f03::22,entry is 117.247.233.62
2001:4490:4888:e11a::22,entry is 117.247.233.62
2001:4958:2c3f:5401:99:1d91:d1c7:a6c5,entry is 91.99.72.171
2001:4bb8:107:b45b:bd06:2cac:584d:b906,entry is 173.212.239.181
2001:4bb8:182:af8a:1ce5:cf8c:6d06:201c,entry is 173.212.239.181
2001:508:1200:1e8b:68f8:79c9:5b09:5b05,entry is 173.212.239.181
2001:508:1200:2310:f350:d7a6:e091:795c,entry is 173.212.239.181
2001:67c:198c:906:27::94,entry is 65.108.203.36
2001:67c:2044:1905:cc19:acff:fe63:8040,undocumented TOR exit
2001:67c:2628:647:10::195,entry is 159.89.239.166
2001:67c:2628:647:10::2f9,entry is 159.89.239.166
2001:67c:2628:647:10::df,entry is 159.89.239.166
2001:67c:2628:647:12::32,entry is 65.108.203.37
2001:67c:2628:647:17::121,entry is 65.108.203.36
2001:67c:2628:647:31:2404:0:e,entry is 65.108.203.37
2001:67c:2628:647:32:404:0:2e3,entry is 65.108.203.36
2001:67c:2628:647:32:404:0:3b8,entry is 65.108.203.36
2001:67c:2628:647:32:404:0:3d,entry is 65.108.203.36
2001:67c:2628:647:32:404:0:d4,entry is 65.108.203.37
2001:67c:2628:647:32:504:0:157,entry is 65.108.203.37
2001:67c:2628:647:32:504:0:259,entry is 65.108.203.37
2001:67c:2628:647:32:604:0:1cf,entry is 65.108.203.37
2001:67c:2628:647:32:604:0:2de,entry is 65.108.203.36
2001:67c:2628:647:32:704:0:146,entry is 65.108.203.37
2001:67c:2628:647:32:704:0:1bc,entry is 65.108.203.36
2001:67c:2628:647:32:804:0:36f,entry is 65.108.203.36
2001:67c:2628:647:32:804:0:78,entry is 65.108.203.37
2001:67c:2628:647:34:603:0:b1,entry is 65.108.203.37
2001:67c:2660:425:13::1f,entry is 65.108.203.37
2001:67c:2660:425:16::202,entry is 65.108.203.36
2001:67c:2660:425:1::24c,entry is 65.108.203.36
2001:67c:2660:425:1c::2dd,entry is 65.108.203.37
2001:67c:2660:425:23::4,entry is 65.108.203.37
2001:67c:2660:425:24::16c,entry is 65.108.203.37
2001:67c:2660:425:25::5a,entry is 65.108.203.36
2001:67c:2660:425:26::31d,entry is 65.108.203.36
2001:67c:2660:425:2c::174,entry is 65.108.203.37
2001:67c:2660:425:3617:ebff:fee4:6393,entry is 65.108.203.36
2001:67c:2660:425:4::2a,entry is 65.108.203.37
2001:67c:2660:425:a::2b2,entry is 65.108.203.37
2001:7e8:c621:7401:e347:c6da:5e36:4d9f,entry is 173.212.239.181
2001:7e8:c6fe:eb01:d162:c7c7:7a07:b52f,entry is 173.212.239.181
2001:7e8:f430:6601:b563:c758:7630:5a32,entry is 173.212.239.181
2001:818:d8a2:3400:2925:2395:a6b3:4a2e,entry is 173.212.239.181
2001:871:209:da03:b4ce:17b:4ff9:a7b5,entry is 173.212.239.181
2001:871:25b:b343:25b0:cd4b:9c8:b0ff,entry is 173.212.239.181
2001:8a0:7dee:2700:85da:57e7:4ef2:5609,entry is 173.212.239.181
2001:8a0:f2a2:cf00:7cfa:e7b0:b671:cce2,entry is 173.212.239.181
2001:8f8:183f:cb33:5c63:177e:8e67:40f4,entry is 173.212.239.181
2001:8f8:1869:524f:876:f84c:7088:d95a,entry is 173.212.239.181
2001:910:1410:600::1,undocumented TOR exit
2001:999:680:aad9:dd15:9c7c:f2e0:4aa2,entry is 62.171.176.129
2001:b011:5c05:76a9::1,entry is 122.116.180.77
2001:b011:5c05:7aba::1,entry is 122.116.180.77
2001:b011:5c05:fad9::1,entry is 122.116.180.77
2001:bb6:b6bd:e201:b90e:1f9c:f234:6601,entry is 62.171.176.129
2001:df0:82c0:1::46,entry is 103.148.62.1
2001:df1:5840::12,entry is 103.159.46.14
2001:df1:5840::16,entry is 113.212.87.242
2001:df1:8340:20:84::3,entry is 103.20.85.106
2001:df1:b740::224:69,entry is 103.55.224.97
2001:df2:380:2260::210,entry is 103.173.244.210
2001:df2:3a00:1000::2,entry is 103.113.3.29
2001:df2:b540::2,entry is 103.161.30.65
2001:df5:b380:1a::16,entry is 103.147.250.198
2001:df7:6180:a300::2,entry is 103.172.49.121
2001:e68:5403:ab57:cd38:93fa:9ee8:ed56,entry is 173.212.239.181
2001:e68:543b:512a:24fb:a4b3:fea5:d344,entry is 173.212.239.181
2001:f40:950:1f82:1428:d4a6:b2d5:adcc,entry is 91.99.72.171
2001:f40:978:a22c:7db2:1116:14c3:1d0e,entry is 173.212.239.181
2003:c0:2f32:7914:ef:210c:6cb2:5e36,entry is 173.212.239.181
2003:d3:2f2f:a862:b145:b52b:54db:f0b,entry is 162.55.215.143
2400:3ce0:1::2,entry is 103.151.17.177
2400:4d40:a118:1111::2,entry is 103.138.123.242
2400:6180:0:d0::10bd:3001,entry is 185.93.89.144
2400:6180:0:d0::119e:6001,entry is 185.93.89.144
2400:6180:0:d1::326:a001,entry is 185.93.89.144
2400:6180:0:d1::811:7001,entry is 167.71.220.29
2400:6180:0:d2::3d7e:4000,entry is 185.93.89.146
2400:6180:100:d0::32e:6001,entry is 185.93.89.156
2400:6180:100:d0::56f7:1,entry is 185.93.89.169
2400:65c0::11,entry is 103.26.108.118
2400:65c0::15,entry is 103.26.108.254
2400:65c0::25,entry is 103.26.109.62
2400:65c0::31,entry is 103.26.110.125
2400:65c0::9,entry is 103.26.110.202
2400:9700:113:3764::,entry is 116.90.231.98
2400:e320:1:320:4aa9:8aff:fed4:189b,entry is 103.131.104.125
2401:1fe0::9cd,entry is 38.207.161.242
2401:5100:301:b56c:757c:b039:f71d:a051,entry is 173.212.239.181
2401:7400:c805:a28d:2901:b3a1:728:779d,entry is 173.212.239.181
2401:b9e0::6,entry is 160.30.83.10
2401:ba80:a395:9372:e420:15ed:56d0:9d31,entry is 173.212.239.181
2402:2c40:0:203::2,entry is 103.105.76.17
2402:800:63b9:f680::,entry is 171.245.167.251
2402:f80:8000::1a,entry is 103.51.21.165
2403:0:713::3e,entry is 103.155.234.9
2403:4800:28c7:6227:b406:217b:c3cf:9dc9,entry is 128.140.46.169
2403:5807:27ef:0:349a:d43b:d6d3:c6f7,entry is 128.140.46.169
2403:6200:88a0:43a2:ad1b:6ab9:1f16:cd61,entry is 91.99.72.171
2403:6200:8987:292f::1,entry is 223.204.176.225
2403:6bc0::22,entry is 103.112.212.57
2403:e440::3,entry is 103.124.198.190
2404:3100:1886:f66:5431:1d6e:defa:4807,entry is 173.212.239.181
2404:4400:5414:7200:693d:ea58:d879:7864,entry is 91.99.72.171
2404:4408:8789:8f00:e599:bc88:4317:f96c,entry is 62.171.176.129
2404:ab80:b:7dc5:1090:b3e8:6ce4:43bd,entry is 91.99.72.171
2404:ab80:b:7dc5:359c:49e0:93da:fafa,entry is 173.212.239.181
2404:fd00:27::12,entry is 116.68.170.117
2405:201:401c:4a09:6e24:8a37:a00:9564,entry is 173.212.239.181
2405:3800:90f:4851:ac09:1018:ad4e:952,entry is 173.212.239.181
2405:4200:700:10::250,entry is 124.6.44.250
2405:5700:300:685a:85bc:b5b5:8852:437e,entry is 173.212.239.181
2405:5700:300:a7f6:4dcd:21a4:f614:4964,entry is 173.212.239.181
2405:8180:c03:39a8:cc1f:2508:37c:dc47,entry is 173.212.239.181
2405:9f40:a4:93df:35ee:79bd:9ed1:516f,entry is 173.212.239.181
2405:c940::2,entry is 103.148.29.153
2405:cb40:1:2::2,entry is 103.148.48.97
2406:21c0:0:18::1,entry is 103.151.227.74
2406:3003:2007:3e68:60c5:86a5:181b:46f,entry is 173.212.239.181
2406:3003:2007:5ec4:750a:cd3d:633a:221c,entry is 62.171.176.129
2406:54c0:8000:1::2,entry is 103.154.52.4
2406:5900:5096:b086:486e:7d7c:ac08:3a24,entry is 173.212.239.181
2406:5900:7035:a84e:2d8d:f200:a08a:5b8d,entry is 173.212.239.181
2406:9300:a::6,entry is 117.103.168.37
2406:da14:af9:1300:f3b:67:720e:cb09,entry is 106.15.57.186
2406:da18:c44:b500:151b:6f8d:35de:e7ce,entry is 54.179.159.94
2406:da18:c44:b500:1a60:26dc:7ef8:a10c,entry is 47.129.154.100
2406:da1a:c8b:9200:73f9:bddb:99a5:d899,entry is 45.146.130.22
2406:dec0:ffff:ffff::e,entry is 121.200.48.129
2407:1c00:6103:ee0::,entry is 185.93.89.149
2407:35c0:1::132,entry is 103.181.92.250
2407:b7c0:100::11e,entry is 103.21.69.192
2407:b7c0:100::56,entry is 103.48.70.161
2407:b7c0:100::6a,entry is 103.48.71.50
2407:b7c0:100::6e,entry is 103.48.71.2
2407:b7c0:100::72,entry is 103.48.71.22
2407:b7c0:100::76,entry is 103.48.71.30
2407:b7c0:100::7a,entry is 103.48.68.12
2407:b7c0:100::82,entry is 103.48.70.145
2407:b7c0:100::8a,entry is 103.21.69.121
2408:824c:6c1e:fb60:c426:4fbc:9b:f7c3,entry is 47.237.69.46
2409:8a20:ad1:1de0:62d2:1cff:fea8:30ea,entry is 111.22.249.118
2409:8a50:2211:6ac0:4832:e1ff:fecf:9edb,entry is 111.22.249.118
2409:8a50:9222:2990:aebb:61ff:feed:505d,entry is 111.22.249.118
2409:8c85:2000:18f:1fbf:2ba2:7fe3:3689,entry is 36.139.251.14
240b:4000:93:de00:ffff:ee9e:d996:a67b,entry is 47.79.121.83
240b:4004:b:1600:32ea:439d:23e5:2357,entry is 185.93.89.146
240e:314:bf2a:c000:6957:a0a8:76c2:2f6,entry is 47.76.203.173
240e:314:bf2a:c000:d1cc:d844:f4f1:9128,entry is 47.76.203.173
240e:314:bf86:e200:78ec:4353:f384:21c9,entry is 47.76.203.173
240e:314:bfad:d700:3c5f:1f2d:9ee0:ad3a,entry is 47.76.203.173
240e:330:5e22:e000:586a:f2b3:685f:278b,entry is 47.238.205.61
240e:330:5e22:e000:b9eb:5f37:e9d:634a,entry is 47.238.205.61
240e:330:5e22:e000:fd53:68c9:b4a:8957,entry is 47.238.161.91
240e:330:5e4c:d00:21b0:3a06:4850:ceb9,entry is 47.238.161.91
240e:330:5e4c:d00:586a:f2b3:685f:278b,entry is 47.238.205.61
240e:338:6617:1410:d0:ddc1:5a34:b4b7,entry is 47.238.237.142
240e:346:72bc:c600:118f:159:ab5f:7972,entry is 47.238.168.172
240e:346:72bc:c600:1c66:e610:9a7:8565,entry is 47.238.168.172
240e:346:72bc:c600:441d:7437:b311:e7a2,entry is 47.238.168.172
240e:361:c246:2800:893f:583f:ae03:5a9,entry is 47.237.16.113
240e:399:206:4e0:d069:846b:53a8:c81,entry is 8.217.205.168
240e:980:8620:ff1:5224:e07b:2b6c:e3db,entry is 150.139.203.111
240e:980:8920:15c6:11cc:22ea:19e4:1031,entry is 106.58.220.148
240e:980:8d20:3b75:df58:c906:6bd4:afd5,entry is 113.16.193.212
2600:1700:6d18:3430:ecd3:a6f1:7d0f:f3f,entry is 128.140.46.169
2600:1700:b9c0:a8e0:55ab:458c:6431:355e,entry is 173.212.239.181
2600:1700:f5b0:4b50:507b:993a:fba1:c1a0,entry is 173.212.239.181
2600:381:b90f:6c38:e841:91c9:3bd3:82be,entry is 170.106.151.187
2600:381:b919:18cc:3275:1efe:7063:f19f,entry is 170.106.151.187
2600:382:3119:ef2e:91c9:dfae:4b05:a207,entry is 170.106.151.187
2600:3c02::f03c:93ff:feaa:64b3,entry is 45.79.203.254
2600:4040:136c:8700:ed03:3352:3f49:ea98,entry is 128.140.46.169
2600:4040:74d0:5500:f179:609a:44d3:ea1b,entry is 91.99.72.171
2600:4040:a1b1:ea00:81ed:4818:ae9f:1611,entry is 173.212.239.181
2600:4040:a1b1:ea00:bd4e:c4f7:60f8:a2a9,entry is 173.212.239.181
2600:4040:b177:d600:e488:87b7:a67d:3a66,entry is 128.140.46.169
2600:4041:5e12:fb00:c809:df6b:a2b8:bb63,entry is 128.140.46.169
2600:6c56:78f0:bef0:b4a5:4045:5163:3024,entry is 173.212.239.181
2600:6c60:5d00:cf7e:445a:8414:340b:e313,entry is 173.212.239.181
2600:6c63:647f:38d5:5121:b30e:2c8a:4e40,entry is 173.212.239.181
2600:6c9f:7300:b:2908:1656:b0f8:a1d2,entry is 173.212.239.181
2600:8807:609:8000:9d95:f47:8408:c13d,entry is 173.212.239.181
2601:204:c000:c6d0:2921:cce8:d6e8:d294,entry is 128.140.46.169
2601:204:cf80:290:2571:54dc:f8e0:26ec,entry is 128.140.46.169
2601:240:e100:c2b0:f9d1:b42e:a9c:f4c5,entry is 173.212.239.181
2601:246:5b7f:f20:1481:a2b6:624d:d778,entry is 173.212.239.181
2601:340:c400:31f0:6c22:dff4:8853:2687,entry is 173.212.239.181
2601:346:881:41d0:4519:c189:a982:64,entry is 128.140.46.169
2601:3cb:e00:38e0:ed7f:4b9c:653e:4dd3,entry is 173.212.239.181
2601:47:447e:d620:a1c3:ca94:68d0:8187,entry is 91.99.72.171
2601:587:100:3310:185a:2992:ddc2:e12b,entry is 173.212.239.181
2601:587:100:3310:6cd9:549c:eaec:45da,entry is 173.212.239.181
2601:640:8600:240:71d0:4f27:4a87:21d4,entry is 162.55.215.143
2601:643:8081:d090:3c2a:48f:369c:cbc6,entry is 74.81.46.242
2601:80:4901:2180:700f:4672:b070:c9dc,entry is 162.55.215.143
2601:8c:97c:3ee0:98e8:52c:1319:8d8c,entry is 173.212.239.181
2601:b011:cad:c400:5811:af30:6354:66ed,entry is 173.212.239.181
2601:c4:4280:1d60:d9e0:7a11:d42f:add4,entry is 173.212.239.181
2602:fd72:210:5700:294d:e526:c60f:accd,entry is 173.212.239.181
2602:fe45:c01:7ea3:42a2:dbff:fea5:626d,entry is 173.212.239.181
2602:fe45:c01:95f8:7988:41c2:4ce4:8da2,entry is 173.212.239.181
2602:fe45:c01:a7e2:90c7:d50c:a815:f9d9,entry is 173.212.239.181
2602:ff1e:f00::10,entry is 192.206.202.1
2603:3020:181c:8d00:b012:2d78:c2b:42e8,entry is 162.55.215.143
2603:3:6100:e90::,entry is 185.93.89.189
2603:6010:aa03:c440:f114:a7f0:d9cf:2f3d,entry is 173.212.239.181
2603:6013:ba01:f5a:9038:e5fc:2e94:4d47,entry is 173.212.239.181
2603:6081:2100:1611:1081:6fb5:d4de:5151,entry is 128.140.46.169
2603:6081:bf00:46:1d77:a61b:ab7:d7a,entry is 173.212.239.181
2603:6081:bf00:46:641b:7d19:b67b:ab40,entry is 173.212.239.181
2603:8000:8101:1645:1078:4476:1a62:52e0,entry is 128.140.46.169
2603:8001:5100:1fcf:b90c:5112:2ffe:f403,entry is 128.140.46.169
2603:8080:5a00:2795:70d5:de5d:1139:c087,entry is 173.212.239.181
2603:8080:5a00:2795:a976:1e28:68b6:cb80,entry is 173.212.239.181
2603:8080:c100:2afc:dbd:8459:cff0:713f,entry is 91.99.72.171
2603:8080:c900:31fb:b774:80dc:34e0:4b5d,entry is 128.140.46.169
2603:8080:cb00:4119:d4d5:8c4b:3a91:ac43,entry is 128.140.46.169
2603:9000:b600:223a:2a54:6672:ac2e:2ec,entry is 91.99.72.171
2603:9001:4c03:279:d562:50cc:a836:22af,entry is 173.212.239.181
2604:2d80:6b02:6200:16f1:7526:f931:7b15,entry is 91.99.72.171
2604:2dc0:105:3200::,entry is 15.204.241.50
2604:2dc0:200:275b::,entry is 15.204.100.91
2604:a880:400:d1::77bb:8001,entry is 185.93.89.144
2604:a880:4:1d0::b351:f000,entry is 24.199.102.49
2604:a880:800:10::90e:8001,entry is 185.93.89.166
2604:a880:cad:d0::c63:6001,entry is 185.93.89.169
2604:b000:c208:14e8:4cc7:99ea:e172:154c,entry is 173.212.239.181
2605:4300:1411::c7,entry is 104.129.194.46
2605:4300:1411::c8,entry is 104.129.194.45
2605:4300:1411::c9,entry is 104.129.194.46
2605:4300:1411::cb,entry is 104.129.194.46
2605:4300:1411::cc,entry is 104.129.194.46
2605:59c0:5c07:b710:81dd:bd6f:5c:9f6c,entry is 173.212.239.181
2605:59c0:5cde:5510:9896:9c4e:b94a:5d50,entry is 91.99.72.171
2605:59c0:5d02:e110:a921:633:60b4:f4a5,entry is 173.212.239.181
2605:59c0:5e58:eb10:7548:6d49:ac98:4016,entry is 173.212.239.181
2605:59c0:5e58:eb10:d2a0:bbff:fe76:8c74,entry is 62.171.176.129
2605:59c0:5ec0:d818:fc09:3ad3:e64f:73a7,entry is 173.212.239.181
2605:59c0:5fd5:7710:1d64:9b5a:c61f:8b8a,entry is 173.212.239.181
2605:6404:18a::1,entry is 45.61.188.134
2605:6404:18a:ba5:42c7:cb22:98a:699e,entry is 45.61.188.134
2605:6404:18a:eabc:e67:eb76:66d5:74ba,entry is 45.61.188.134
2605:a141:2154:8620::1,entry is 185.93.89.155
2605:a200:9201:5692:3874:76ed:cae3:a9e1,entry is 62.171.176.129
2605:ba00:3228:10a4:7c8f:6a78:b72d:4c6f,entry is 173.212.239.181
2605:ba00:6117:f8a1:6a9a:87ff:fee0:e6e8,entry is 173.212.239.181
2606:3c80:8c00:b50:3597:594:87a9:6069,entry is 173.212.239.181
2606:5f00:9040:cf1c:dc46:623d:104f:ca2d,entry is 173.212.239.181
2606:5f00:9040:ded7:d7b4:42e5:ddf3:4744,entry is 173.212.239.181
2606:65c0:20:2da:7124:f52c:7c50:496b,entry is 158.51.125.72
2606:65c0:20:2f6:ca73:5d60:41ef:7d4f,entry is 158.51.125.147
2606:65c0:20:2fd:affe:993b:a709:c3c2,entry is 158.51.125.89
2606:65c0:20:2fe:2d01:7969:6d5c:d10c,entry is 158.51.125.243
2606:9400:8a9f:2a10:d891:1515:4688:bf0a,entry is 173.212.239.181
2607:5300:203:e6::,entry is 185.93.89.146
2607:5300:61:6e::,entry is 185.93.89.147
2607:f2c0:eca4:3490:31d9:2a82:9adf:f758,entry is 128.140.46.169
2607:fb90:518f:8174:89b2:c962:a8f7:7741,entry is 70.36.101.234
2607:fb90:cf80:cb24:4477:6b8b:8427:a1ab,entry is 173.212.239.181
2607:fb90:ee09:4d16:d058:e224:cbdf:a42b,entry is 70.36.101.234
2607:fe68:1400:206:8cae:9fb9:eed0:b9b7,entry is 62.171.176.129
2800:320:cc6e:9700:5852:b6ac:a1f9:62bf,entry is 173.212.239.181
2800:410:f410:3c00:89a:79e1:6c52:3bbd,entry is 173.212.239.181
2800:490:4001:c900::2,entry is 132.255.23.183
2800:650:10:6::12a,entry is 191.97.61.65
2800:810:50d:8719:b00a:32f6:2376:124c,entry is 173.212.239.181
2800:860:7287:7fdf:a020:a312:d854:9f83,entry is 173.212.239.181
2800:a4:1509:cd00:b1eb:532b:486e:4a3c,entry is 173.212.239.181
2800:a4:15bd:6700:79e4:eda4:f863:4182,entry is 173.212.239.181
2800:b20:111b:3149:25:67e2:dd5c:fb8a,entry is 173.212.239.181
2800:b20:170b:15d7:652a:8e:c8ab:b357,entry is 173.212.239.181
2800:b20:1717:1f3:158e:97e6:ccc3:9b63,entry is 62.171.176.129
2800:b20:171f:12a0:75e2:4d13:668b:e91b,entry is 173.212.239.181
2800:cd0:1c24:4800:a145:69ba:95c9:864d,entry is 173.212.239.181
2800:cd0:db43:2100:74f7:d64b:8081:3117,entry is 173.212.239.181
2800:e2:480:2e4:40be:e4be:bd08:49bd,entry is 62.171.176.129
2800:e2:5680:6fd:7148:14c9:7d89:f4c3,entry is 173.212.239.181
2803:1500:c02:171e:ef5d:8a2e:e142:c8d5,entry is 173.212.239.181
2803:2540:b2:4e::,entry is 177.234.217.85
2803:2750:1ff:1::2,entry is 190.131.254.83
2803:2d60:110f:426:179:467c:c83e:3415,entry is 173.212.239.181
2803:3640:11b:4c00:dd0a:6d15:6388:db02,entry is 173.212.239.181
2803:3640:1d4:6400:bc86:d654:15cf:6d68,entry is 62.171.176.129
2803:3e0:3e8:3e8::36,entry is 131.100.48.81
2803:3e0:5f40:3e8::e,entry is 131.100.49.97
2803:49e0:6::1,entry is 200.39.152.161
2803:5290:ffff:fffc::2,entry is 186.167.112.163
2803:6000:e008:ad9:9d3d:9037:6bad:86a2,entry is 91.99.72.171
2803:6a10:7000:1::2,entry is 167.249.30.253
2803:7d80:a415:809e:6801:656d:b649:346c,entry is 62.171.176.129
2803:8090:f9da:4200:b9a0:7a26:227b:be54,entry is 173.212.239.181
2803:8150:faa:1601::cafa,entry is 181.212.45.228
2803:8910:0:1::29,entry is 38.44.247.5
2803:9800:90b9:90bc:4877:b826:e973:a765,entry is 173.212.239.181
2803:9810:3243:f008:ff52:d0e7:f92:75cb,entry is 173.212.239.181
2803:9a90:25:3::2,entry is 38.156.235.43
2803:9a90:3:10::2,entry is 190.113.40.3
2803:9c90:100:0:110::2,entry is 38.158.83.33
2803:9c90:100:0:120::2,entry is 38.158.83.65
2803:9c90:1100::2,entry is 38.158.83.161
2803:9c90:1400::2,entry is 38.158.83.193
2803:9cc0:104::,entry is 209.14.98.6
2803:a200:2ca:d24:ad7d:2873:e7a:50c4,entry is 173.212.239.181
2803:a3e0:1360:1230:8df4:e1bb:2fe6:d497,entry is 173.212.239.181
2803:ac50:a00::2,entry is 204.157.185.4
2803:ace0:189::13:2,entry is 190.93.189.142
2803:ae40:4101:f00:4c48:5ea:3e0e:64d,entry is 173.212.239.181
2803:b850:1000::,entry is 38.191.214.1
2803:c000:13e:1::1ca,entry is 190.8.164.31
2803:d100:e000:d4:8456:395f:8157:62f1,entry is 91.99.72.171
2803:d650:100:100:106::2,entry is 38.66.206.33
2803:dda0:b3e:0:c64:6699:c530:eb74,entry is 173.212.239.181
2803:ec0:2003:1::2,entry is 45.4.0.33
2803:ec0:2008:1::2,entry is 45.4.2.192
2803:ec0:2013:1::2,entry is 45.4.3.6
2803:f10:9::2,entry is 179.49.202.42
2804:1230:0:19::2,entry is 177.190.189.16
2804:145c:a01::16,entry is 191.7.212.84
2804:145c:a01::5a,entry is 191.7.196.128
2804:1e68:c409:907c::,entry is 177.85.2.55
2804:1e68:c409:b289::,entry is 177.85.2.55
2804:1e68:c409:ca0d::,entry is 177.85.2.55
2804:2000:110b:21b0:1c5e:ec07:933b:65d,entry is 173.212.239.181
2804:2720:400::2,entry is 138.204.20.160
2804:5364:7000:1:1:1:b205:bd49,entry is 149.78.186.176
2804:6968::23e,entry is 200.115.100.33
2804:6dec::373,entry is 24.152.36.79
2804:6f4:700c:6c00:b538:6888:5556:94aa,entry is 173.212.239.181
2804:8624:8001:2300::1,entry is 168.197.182.222
2804:879c:4000::,entry is 187.61.98.7
2804:890:300:b::2,entry is 177.128.212.190
2804:9ec:b0d0:2700::,entry is 186.227.119.91
2804:9ec:d000:202::b,entry is 170.78.144.41
2804:ef4:5650:e500::,entry is 201.76.9.115
2804:fec:24::26,entry is 177.55.50.45
2806:319:1:119:464c:a8ff:fe55:212,entry is 45.168.236.54
2806:3b4:6::,entry is 187.102.205.1
2a00:1158:5:44a::,entry is 185.93.89.146
2a00:1158:5:45f::,entry is 185.93.89.143
2a00:1158:5:4f4::,entry is 185.93.89.147
2a00:1158:5:803::,entry is 185.93.89.164
2a00:1158:5:81c::,entry is 185.93.89.150
2a00:1158:5:880::,entry is 185.93.89.155
2a00:1169:103:2820::,entry is 185.93.89.146
2a00:1169:103:4e20::,entry is 185.93.89.155
2a00:1169:103:93b0::,entry is 185.93.89.168
2a00:1169:103:9a00::,entry is 185.93.89.146
2a00:1169:103:c210::,entry is 185.93.89.144
2a00:1169:103:c850::,entry is 185.93.89.155
2a00:1169:110:de40::,entry is 185.93.89.146
2a00:1169:114:bf60::,entry is 185.93.89.151
2a00:116a:105:2e70::,entry is 185.93.89.146
2a00:1358:e198:200:b3ef:626d:69a4:4e02,entry is 173.212.239.181
2a00:1851:8003:c696:fc93:8ae7:6d82:df7f,entry is 173.212.239.181
2a00:1851:8003:d31b:f00a:9158:b7fc:a3f7,entry is 173.212.239.181
2a00:1851:801b:f518:3d64:c869:44db:4ade,entry is 91.99.72.171
2a00:1d35:9867:501:a029:2f23:549c:19c4,entry is 173.212.239.181
2a00:1d36:2c04:8b00:1b9:8fd8:2a99:b7d4,entry is 173.212.239.181
2a00:1e20:5:a8b3:f50e:ec33:7ded:20c,entry is 173.212.239.181
2a00:23a8:429f:6401:f6ea:b5ff:fe2e:1740,entry is 81.134.57.82
2a00:23c6:6450:2901:4c04:a440:480:1d11,entry is 128.140.46.169
2a00:807:c7:bd4f:4ab4:23ff:febb:f725,entry is 173.212.239.181
2a00:807:d3:ccae:5db7:4b00:8dd2:bea4,entry is 62.171.176.129
2a00:d680:20:50::840a,entry is 185.93.89.150
2a00:f29:1108:449e:b9:7687:fad5:1531,entry is 173.212.239.181
2a00:f29:2e0:64:adf4:ad8b:2100:8ef4,entry is 173.212.239.181
2a00:f2a:e008:6900:642c:b24:4d08:f5c4,entry is 173.212.239.181
2a00:f3c:596:0:d5ff:1f14:b141:967b,entry is 173.212.239.181
2a00:f502:260:89a2:cc71:6f0b:e8aa:29f8,entry is 173.212.239.181
2a01:261:2d2:3700:e806:56bf:28e:efb0,entry is 91.99.72.171
2a01:261:ff6:8700:5947:174d:a2b6:bc9b,entry is 173.212.239.181
2a01:4b00:9626:e600:ed94:c97f:dc48:5978,entry is 128.140.46.169
2a01:4f8:1c1b:2996::1,entry is 5.75.199.188
2a01:4f8:1c1e:df52::1,entry is 159.69.147.14
2a01:4f8:c2c:ed6c::1,entry is 185.93.89.164
2a01:4ff:f0:aab3::1,entry is 185.93.89.144
2a01:4ff:f0:eb39::1,entry is 185.93.89.146
2a01:5a8:5a3:f239:24f5:a4ae:4cdb:dee5,entry is 173.212.239.181
2a01:5a8:5a3:f239:a48c:4507:8ad:33e9,entry is 173.212.239.181
2a01:9700:38ed:1d00:6766:3444:e337:c83f,entry is 173.212.239.181
2a01:9700:3a87:e400:698f:3c6d:a30d:339c,entry is 173.212.239.181
2a01:9700:3da3:5900:919b:e666:9722:2659,entry is 173.212.239.181
2a01:9700:80e1:5a00:7946:8e20:6b7d:c2ff,entry is 173.212.239.181
2a01:cb20:4822:9b00:e4e0:35e0:7ebd:70c8,entry is 173.212.239.181
2a01:cb20:8099:eb00:7953:b7f:ec16:66c9,entry is 173.212.239.181
2a01:cb22:926:9700:fd4e:6e2b:c000:3373,entry is 173.212.239.181
2a01:e0a:4e8:6440:b99a:913e:71a0:edc8,entry is 173.212.239.181
2a01:e0a:83a:bd30:500b:581d:2ff7:d602,entry is 128.140.46.169
2a01:e0a:ea7:da50:881f:9eb8:d095:6d20,entry is 173.212.239.181
2a01:e34:ec31:86f0:c60c:d8ff:feaf:df7d,entry is 128.140.46.169
2a02:168:2000:4::242,entry is 212.51.157.178
2a02:27b0:4c01:cc0:4fd:b8d4:2a7:cc1c,entry is 91.99.72.171
2a02:2908:4400:2ce7:75c4:5b8d:7217:b8d8,entry is 173.212.239.181
2a02:2908:4401:393:1de4:ea8f:572a:3a65,entry is 62.171.176.129
2a02:2f0d:904:c400:46ac:d22c:ed80:a7d4,entry is 173.212.239.181
2a02:3102:8404:2bc0:54a9:4c85:57c7:b72e,entry is 128.140.46.169
2a02:4780:d:9ae4::1,entry is 145.14.158.103
2a02:587:8c98:46cb:4429:3bc1:a820:771b,entry is 173.212.239.181
2a02:810d:9b98:f900:5d6f:4b25:437d:75bc,entry is 173.212.239.181
2a02:810d:af17:6100:54e4:8d25:dedb:4be0,entry is 91.99.72.171
2a02:8424:bdc0:1a01:d83e:e97b:a392:f383,entry is 128.140.46.169
2a02:842b:591:3f01:d6d6:a12d:d5ac:6fe2,entry is 173.212.239.181
2a02:908:3711:26e0:4ddb:6a50:1f7b:39de,entry is 162.55.215.143
2a02:a03f:65ac:c000:b9b3:cb7d:2f73:dd2a,entry is 173.212.239.181
2a02:a03f:844e:be00:9d83:97e5:d62b:f8fc,entry is 62.171.176.129
2a02:a03f:8b3e:601:1cac:136f:eeba:8251,entry is 173.212.239.181
2a02:a03f:8b3e:601:d16a:2cc7:b213:b935,entry is 91.99.72.171
2a02:a311:a3ab:da80:a8aa:d593:f75a:32f0,entry is 173.212.239.181
2a02:a45d:7409:1:18f9:e10b:ef31:66bc,entry is 173.212.239.181
2a02:aa11:117d:a200:75bd:5654:6d91:e8bb,entry is 91.99.72.171
2a02:bf0:1414:d397:806c:6139:51ac:52b0,entry is 173.212.239.181
2a02:c206:2057:4306::1,entry is 161.97.163.52
2a02:c206:2209:2992::1,entry is 185.93.89.144
2a02:c206:2226:8971::1,entry is 38.242.147.86
2a02:c7c:5a6c:ae00:297d:72bb:3ef5:60ca,entry is 128.140.46.169
2a02:c7c:e68f:5a00:c00e:61be:7821:af68,entry is 173.212.239.181
2a02:d247:2100:a75d:c5b5:1239:9cf6:eab6,entry is 173.212.239.181
2a02:e0:9aa9:3f00:2c16:35f5:acf0:38ec,entry is 173.212.239.181
2a02:e50:0:10::3e,entry is 217.112.96.0
2a02:fe1:6280:5300:8062:c52f:7032:bd02,entry is 173.212.239.181
2a02:fe1:c177:f200:8cba:eb9b:7d80:1b9f,entry is 173.212.239.181
2a03:32c0:7001:8a86:a131:8a84:d76d:4731,entry is 173.212.239.181
2a03:32c0:8000:f7b5:b761:4d98:21f0:b7f5,entry is 173.212.239.181
2a03:3d60:6e:836b:15e2:1f6e:3f3b:d056,entry is 162.55.215.143
2a03:4b47:80:9820:2413:1915:6613:add8,entry is 91.99.72.171
2a03:6f00:1::5c35:601d,entry is 185.93.89.146
2a03:6f00:1::5c35:6025,entry is 185.93.89.146
2a03:6f00:1::5c35:6089,entry is 185.93.89.144
2a03:6f00:1::5c35:60a0,entry is 185.93.89.169
2a03:6f00:1::5c35:60b7,entry is 185.93.89.151
2a03:6f00:1::5c35:60f5,entry is 185.93.89.146
2a03:6f00:6:1::517:3238,entry is 185.93.89.182
2a03:6f01:1:2::923b,entry is 185.93.89.146
2a03:6f02::51e3,entry is 147.45.170.65
2a03:90c0:15:15::1,entry is 5.8.34.16
2a03:b0c0:1:d0::2ae:f001,entry is 185.93.89.146
2a03:b0c0:1:e0::361c:8001,entry is 185.93.89.144
2a03:b0c0:1:e0::3b4:1,entry is 185.93.89.189
2a03:b0c0:3:d0::10a3:c001,entry is 185.93.89.145
2a03:b0c0:3:d0::462c:c001,entry is 207.154.230.54
2a03:ec00:b199:1d2e:c16f:64d:c768:a1d,entry is 62.171.176.129
2a03:eec0:1311::df,entry is 165.225.72.38
2a04:5201:7::6ec,entry is 94.142.136.101
2a04:7f80:20b9:9d00:4130:e72d:fbd9:de1f,entry is 173.212.239.181
2a05:45c2:6246:a00:b16c:225c:cb26:190b,entry is 62.171.176.129
2a07:3903:0:2::b6,entry is 37.32.9.56
2a09:bac1:31e0::246:c8,entry is 8.217.124.178
2a09:bac1:72c0:18::4a:70,entry is 185.255.4.172
2a09:bac1:7680:da78::3dc:2f,entry is 5.78.124.240
2a09:bac1:7680:da78::77:93,entry is 5.78.124.240
2a09:bac1:76a0:da78::3dc:27,entry is 5.78.124.240
2a09:bac1:76c0:da78::77:c7,entry is 5.78.124.240
2a09:bac5:37aa:2696::3d8:29,entry is 132.145.19.122
2a09:bac5:37af:2696::3d8:30,entry is 132.145.19.122
2a09:bac5:3983:2646::3d0:20,entry is 8.217.124.178
2a09:bac5:58c0:2e6::4a:5c,entry is 185.255.4.172
2a09:bac5:58c1:252d::3b4:4,entry is 185.255.4.172
2a09:bac5:58c4:252d::3b4:1,entry is 185.255.4.172
2a09:bac5:58c4:2682::3d6:22,entry is 185.255.4.172
2a09:bac5:58c4:2e6::4a:28,entry is 185.255.4.172
2a09:bac5:58c4:2e6::4a:4f,entry is 185.255.4.172
2a09:bac5:58c4:2e6::4a:99,entry is 185.255.4.172
2a09:bac5:58c4:d2d::150:cf,entry is 185.255.4.172
2a09:bac5:58c6:252d::3b4:27,entry is 185.255.4.172
2a09:bac5:58c7:2e6::4a:88,entry is 185.255.4.172
2a09:bac5:b0fa:4aa::77:89,entry is 5.78.124.240
2a09:bac5:b0fb:26be::3dc:25,entry is 5.78.124.240
2a09:bac5:b0fb:4aa::77:c7,entry is 5.78.124.240
2a09:bac5:b0fd:26be::3dc:43,entry is 5.78.124.240
2a09:bac5:b0ff:4aa::77:91,entry is 5.78.124.240
2a0a:ef40:1218:3201:7cbd:2f27:8fda:7a51,entry is 173.212.239.181
2a0b:4140:91ff::2,entry is 176.124.202.46
2a0b:6204:1ea:7300:cd78:31a4:d9c4:bdeb,entry is 173.212.239.181
2a0b:f4c2:1::1,undocumented TOR exit
2a0c:5700:3133:650:4746:4bb3:e36f:d2e3,undocumented TOR exit
2a0d:3341:c9d5:a310:70ce:2200:be7a:afb,entry is 173.212.239.181
2a0d:3344:315f:fd08:b0dc:6f06:3485:2f9a,entry is 173.212.239.181
2a0d:3344:31cc:c408:1c6a:c1ac:48e1:2a5b,entry is 173.212.239.181
2a0d:5600:9:d6:e1e1:20b6:6dbc:19,entry is 173.212.239.181
2a0e:42d:3c57:0:c0ff:5aa0:9c78:1f8b,entry is 62.171.176.129
2a0e:97c0:332::1,entry is 31.59.100.1
2a10:c943:100::8fc,entry is 45.12.28.164
2a12:5940:1d84::2,entry is 147.45.69.93
2a12:5940:2719::2,entry is 193.33.153.47
2a12:f8c1:50:8::1060,entry is 181.214.136.115
2c0f:11c0:401:1::1,entry is 102.207.128.2
2c0f:2a80:350:8d08:164a:ea64:453a:c8fa,entry is 62.171.176.129
2c0f:2a80:79a:1008:4516:4c39:c94e:a76d,entry is 91.99.72.171
2c0f:2a80:79a:1008:80af:f13f:d612:d491,entry is 173.212.239.181
2c0f:2a80:a6e:7d10:dcd3:97ef:6b05:1b65,entry is 91.99.72.171
2c0f:2a80:ad1:8c10:84ec:c0a5:d48a:d8eb,entry is 173.212.239.181
2c0f:3d00:639:2000:91f5:6aa7:289f:1284,entry is 173.212.239.181
2c0f:6500:20:4031::31,entry is 102.217.139.31
2c0f:eb58:63a:3900:fce1:ba20:6f57:d518,entry is 173.212.239.181
2c0f:eb58:64a:4f00:653e:3665:fc21:9bf9,entry is 91.99.72.171
2c0f:eb68:675:e500:3c:6b2d:f5f3:b9b6,entry is 173.212.239.181
2c0f:ef58:164d:aa00:a1af:e492:d361:e2b8,entry is 173.212.239.181
2c0f:ef58:630:1400:29c4:e49e:4ac0:93bc,entry is 173.212.239.181
2c0f:ef58:645:e100:f48f:f3f5:637b:e77,entry is 173.212.239.181
2c0f:f038:695:8900:686d:6ab8:f3ee:b5d5,entry is 173.212.239.181
2c0f:f038:86d:300:959f:7686:ed09:c5bb,entry is 173.212.239.181
2c0f:f4c0:20b6:282c:85d2:16de:8ef5:27c1,entry is 173.212.239.181
2c0f:f4c0:20b6:9210:b08c:578c:91f1:3cbb,entry is 173.212.239.181
2c0f:f888:a980:345c:99bd:97ab:e197:e15a,entry is 173.212.239.181
2c0f:f8f0:a8d8:0:1016:e72f:52e3:4637,entry is 173.212.239.181
2c0f:f918:40e:6e70:dd2:3001:392c:710d,entry is 91.99.72.171
2c0f:fc88:5:9016:c16:2b55:de47:b4b0,entry is 91.99.72.171
2c0f:fc89:8032:62f3:54e1:12a7:e75b:2489,entry is 173.212.239.181
